"title","description","url"
"Docs","Welcome to the Next.js Documentation.","https://nextjs.org/docs"
"App Router","Use the new App Router with Next.js' and React's latest features, including Layouts, Server Components, Suspense, and more.","https://nextjs.org/docs/app"
"App Router: API Reference","Next.js API Reference for the App Router.","https://nextjs.org/docs/app/api-reference"
"API Reference: Components","API Reference for Next.js built-in components.","https://nextjs.org/docs/app/api-reference/components"
"Components: Font","Optimizing loading web fonts with the built-in `next/font` loaders.","https://nextjs.org/docs/app/api-reference/components/font"
"Components: <Image>","Optimize Images in your Next.js Application using the built-in `next/image` Component.","https://nextjs.org/docs/app/api-reference/components/image"
"Components: <Link>","Enable fast client-side navigation with the built-in `next/link` component.","https://nextjs.org/docs/app/api-reference/components/link"
"Components: <Script>","Optimize third-party scripts in your Next.js application using the built-in `next/script` Component.","https://nextjs.org/docs/app/api-reference/components/script"
"API Reference: create-next-app","Create Next.js apps in one command with create-next-app.","https://nextjs.org/docs/app/api-reference/create-next-app"
"API Reference: Edge Runtime","API Reference for the Edge Runtime.","https://nextjs.org/docs/app/api-reference/edge"
"API Reference: File Conventions","API Reference for Next.js Special Files.","https://nextjs.org/docs/app/api-reference/file-conventions"
"File Conventions: default.js","API Reference for the default.js file.","https://nextjs.org/docs/app/api-reference/file-conventions/default"
"File Conventions: error.js","API reference for the error.js special file.","https://nextjs.org/docs/app/api-reference/file-conventions/error"
"File Conventions: layout.js","API reference for the layout.js file.","https://nextjs.org/docs/app/api-reference/file-conventions/layout"
"File Conventions: loading.js","API reference for the loading.js  file.","https://nextjs.org/docs/app/api-reference/file-conventions/loading"
"File Conventions: Metadata Files","API documentation for the metadata file conventions.","https://nextjs.org/docs/app/api-reference/file-conventions/metadata"
"Metadata Files: favicon, icon, and apple-icon","API Reference for the Favicon, Icon and Apple Icon file conventions.","https://nextjs.org/docs/app/api-reference/file-conventions/metadata/app-icons"
"Metadata Files: opengraph-image and twitter-image","API Reference for the Open Graph Image and Twitter Image file conventions.","https://nextjs.org/docs/app/api-reference/file-conventions/metadata/opengraph-image"
"Metadata Files: robots.txt","API Reference for robots.txt file.","https://nextjs.org/docs/app/api-reference/file-conventions/metadata/robots"
"Metadata Files: sitemap.xml","API Reference for the sitemap.xml file.","https://nextjs.org/docs/app/api-reference/file-conventions/metadata/sitemap"
"File Conventions: not-found.js","API reference for the not-found.js file.","https://nextjs.org/docs/app/api-reference/file-conventions/not-found"
"File Conventions: page.js","API reference for the page.js file.","https://nextjs.org/docs/app/api-reference/file-conventions/page"
"File Conventions: route.js","API reference for the route.js special file.","https://nextjs.org/docs/app/api-reference/file-conventions/route"
"File Conventions: Route Segment Config","Learn about how to configure options for Next.js route segments.","https://nextjs.org/docs/app/api-reference/file-conventions/route-segment-config"
"File Conventions: template.js","API Reference for the template.js file.","https://nextjs.org/docs/app/api-reference/file-conventions/template"
"API Reference: Functions","API Reference for Next.js Functions and Hooks.","https://nextjs.org/docs/app/api-reference/functions"
"Functions: cookies","API Reference for the cookies function.","https://nextjs.org/docs/app/api-reference/functions/cookies"
"Functions: draftMode","API Reference for the draftMode function.","https://nextjs.org/docs/app/api-reference/functions/draft-mode"
"Functions: fetch","API reference for the extended fetch function.","https://nextjs.org/docs/app/api-reference/functions/fetch"
"Functions: generateImageMetadata","Learn how to generate multiple images in a single Metadata API special file.","https://nextjs.org/docs/app/api-reference/functions/generate-image-metadata"
"Functions: generateMetadata","Learn how to add Metadata to your Next.js application for improved search engine optimization (SEO) and web shareability.","https://nextjs.org/docs/app/api-reference/functions/generate-metadata"
"Functions: generateStaticParams","API reference for the generateStaticParams function.","https://nextjs.org/docs/app/api-reference/functions/generate-static-params"
"Functions: headers","API reference for the headers function.","https://nextjs.org/docs/app/api-reference/functions/headers"
"Functions: ImageResponse","API Reference for the ImageResponse constructor.","https://nextjs.org/docs/app/api-reference/functions/image-response"
"Functions: NextRequest","API Reference for NextRequest.","https://nextjs.org/docs/app/api-reference/functions/next-request"
"Functions: NextResponse","API Reference for NextResponse.","https://nextjs.org/docs/app/api-reference/functions/next-response"
"Functions: notFound","API Reference for the notFound function.","https://nextjs.org/docs/app/api-reference/functions/not-found"
"Functions: redirect","API Reference for the redirect function.","https://nextjs.org/docs/app/api-reference/functions/redirect"
"Functions: revalidatePath","API Reference for the revalidatePath function.","https://nextjs.org/docs/app/api-reference/functions/revalidatePath"
"Functions: revalidateTag","API Reference for the revalidateTag function.","https://nextjs.org/docs/app/api-reference/functions/revalidateTag"
"Functions: useParams","API Reference for the useParams hook.","https://nextjs.org/docs/app/api-reference/functions/use-params"
"Functions: usePathname","API Reference for the usePathname hook.","https://nextjs.org/docs/app/api-reference/functions/use-pathname"
"Functions: useReportWebVitals","API Reference for the useReportWebVitals function.","https://nextjs.org/docs/app/api-reference/functions/use-report-web-vitals"
"Functions: useRouter","API reference for the useRouter hook.","https://nextjs.org/docs/app/api-reference/functions/use-router"
"Functions: useSearchParams","API Reference for the useSearchParams hook.","https://nextjs.org/docs/app/api-reference/functions/use-search-params"
"Functions: useSelectedLayoutSegment","API Reference for the useSelectedLayoutSegment hook.","https://nextjs.org/docs/app/api-reference/functions/use-selected-layout-segment"
"Functions: useSelectedLayoutSegments","API Reference for the useSelectedLayoutSegments hook.","https://nextjs.org/docs/app/api-reference/functions/use-selected-layout-segments"
"API Reference: Next.js CLI","The Next.js CLI allows you to start, build, and export your application. Learn more about it here.","https://nextjs.org/docs/app/api-reference/next-cli"
"API Reference: next.config.js Options","Learn how to configure your application with next.config.js.","https://nextjs.org/docs/app/api-reference/next-config-js"
"next.config.js Options: appDir","Enable the App Router to use layouts, streaming, and more.","https://nextjs.org/docs/app/api-reference/next-config-js/appDir"
"next.config.js Options: assetPrefix","Learn how to use the assetPrefix config option to configure your CDN.","https://nextjs.org/docs/app/api-reference/next-config-js/assetPrefix"
"next.config.js Options: basePath","Use `basePath` to deploy a Next.js application under a sub-path of a domain.","https://nextjs.org/docs/app/api-reference/next-config-js/basePath"
"next.config.js Options: compress","Next.js provides gzip compression to compress rendered content and static files, it only works with the server target. Learn more about it here.","https://nextjs.org/docs/app/api-reference/next-config-js/compress"
"next.config.js Options: devIndicators","Optimized pages include an indicator to let you know if it's being statically optimized. You can opt-out of it here.","https://nextjs.org/docs/app/api-reference/next-config-js/devIndicators"
"next.config.js Options: distDir","Set a custom build directory to use instead of the default .next directory.","https://nextjs.org/docs/app/api-reference/next-config-js/distDir"
"next.config.js Options: env","Learn to add and access environment variables in your Next.js application at build time.","https://nextjs.org/docs/app/api-reference/next-config-js/env"
"next.config.js Options: eslint","Next.js reports ESLint errors and warnings during builds by default. Learn how to opt-out of this behavior here.","https://nextjs.org/docs/app/api-reference/next-config-js/eslint"
"next.config.js Options: exportPathMap","Customize the pages that will be exported as HTML files when using `next export`.","https://nextjs.org/docs/app/api-reference/next-config-js/exportPathMap"
"next.config.js Options: generateBuildId","Configure the build id, which is used to identify the current build in which your application is being served.","https://nextjs.org/docs/app/api-reference/next-config-js/generateBuildId"
"next.config.js Options: generateEtags","Next.js will generate etags for every page by default. Learn more about how to disable etag generation here.","https://nextjs.org/docs/app/api-reference/next-config-js/generateEtags"
"next.config.js Options: headers","Add custom HTTP headers to your Next.js app.","https://nextjs.org/docs/app/api-reference/next-config-js/headers"
"next.config.js Options: httpAgentOptions","Next.js will automatically use HTTP Keep-Alive by default. Learn more about how to disable HTTP Keep-Alive here.","https://nextjs.org/docs/app/api-reference/next-config-js/httpAgentOptions"
"next.config.js Options: images","Custom configuration for the next/image loader","https://nextjs.org/docs/app/api-reference/next-config-js/images"
"next.config.js Options: incrementalCacheHandlerPath","Configure the Next.js cache used for storing and revalidating data.","https://nextjs.org/docs/app/api-reference/next-config-js/incrementalCacheHandlerPath"
"next.config.js Options: mdxRs","Use the new Rust compiler to compile MDX files in the App Router.","https://nextjs.org/docs/app/api-reference/next-config-js/mdxRs"
"next.config.js Options: onDemandEntries","Configure how Next.js will dispose and keep in memory pages created in development.","https://nextjs.org/docs/app/api-reference/next-config-js/onDemandEntries"
"next.config.js Options: output","Next.js automatically traces which files are needed by each page to allow for easy deployment of your application. Learn how it works here.","https://nextjs.org/docs/app/api-reference/next-config-js/output"
"next.config.js Options: pageExtensions","Extend the default page extensions used by Next.js when resolving pages in the Pages Router.","https://nextjs.org/docs/app/api-reference/next-config-js/pageExtensions"
"next.config.js Options: poweredByHeader","Next.js will add the `x-powered-by` header by default. Learn to opt-out of it here.","https://nextjs.org/docs/app/api-reference/next-config-js/poweredByHeader"
"next.config.js Options: productionBrowserSourceMaps","Enables browser source map generation during the production build.","https://nextjs.org/docs/app/api-reference/next-config-js/productionBrowserSourceMaps"
"next.config.js Options: reactStrictMode","The complete Next.js runtime is now Strict Mode-compliant, learn how to opt-in","https://nextjs.org/docs/app/api-reference/next-config-js/reactStrictMode"
"next.config.js Options: redirects","Add redirects to your Next.js app.","https://nextjs.org/docs/app/api-reference/next-config-js/redirects"
"next.config.js Options: rewrites","Add rewrites to your Next.js app.","https://nextjs.org/docs/app/api-reference/next-config-js/rewrites"
"next.config.js Options: Runtime Config","Add client and server runtime configuration to your Next.js app.","https://nextjs.org/docs/app/api-reference/next-config-js/runtime-configuration"
"next.config.js Options: serverComponentsExternalPackages","Opt-out specific dependencies from the Server Components bundling and use native Node.js `require`.","https://nextjs.org/docs/app/api-reference/next-config-js/serverComponentsExternalPackages"
"next.config.js Options: trailingSlash","Configure Next.js pages to resolve with or without a trailing slash.","https://nextjs.org/docs/app/api-reference/next-config-js/trailingSlash"
"next.config.js Options: transpilePackages","Automatically transpile and bundle dependencies from local packages (like monorepos) or from external dependencies (`node_modules`).","https://nextjs.org/docs/app/api-reference/next-config-js/transpilePackages"
"next.config.js Options: turbo","Configure Next.js with Turbopack-specific options","https://nextjs.org/docs/app/api-reference/next-config-js/turbo"
"next.config.js Options: typedRoutes","Enable experimental support for statically typed links.","https://nextjs.org/docs/app/api-reference/next-config-js/typedRoutes"
"next.config.js Options: typescript","Next.js reports TypeScript errors by default. Learn to opt-out of this behavior here.","https://nextjs.org/docs/app/api-reference/next-config-js/typescript"
"next.config.js Options: urlImports","Configure Next.js to allow importing modules from external URLs (experimental).","https://nextjs.org/docs/app/api-reference/next-config-js/urlImports"
"next.config.js Options: webVitalsAttribution","Learn how to use the webVitalsAttribution option to pinpoint the source of Web Vitals issues.","https://nextjs.org/docs/app/api-reference/next-config-js/webVitalsAttribution"
"next.config.js Options: webpack","Learn how to customize the webpack config used by Next.js","https://nextjs.org/docs/app/api-reference/next-config-js/webpack"
"App Router: Building Your Application","Learn how to use Next.js features to build your application.","https://nextjs.org/docs/app/building-your-application"
"Building Your Application: Caching","An overview of caching mechanisms in Next.js.","https://nextjs.org/docs/app/building-your-application/caching"
"Building Your Application: Configuring","Learn how to configure your Next.js application.","https://nextjs.org/docs/app/building-your-application/configuring"
"Configuring: Absolute Imports and Module Path Aliases","Configure module path aliases that allow you to remap certain import paths.","https://nextjs.org/docs/app/building-your-application/configuring/absolute-imports-and-module-aliases"
"Configuring: Draft Mode","Next.js has draft mode to toggle between static and dynamic pages. You can learn how it works with App Router here.","https://nextjs.org/docs/app/building-your-application/configuring/draft-mode"
"Configuring: Environment Variables","Learn to add and access environment variables in your Next.js application.","https://nextjs.org/docs/app/building-your-application/configuring/environment-variables"
"Configuring: ESLint","Next.js provides an integrated ESLint experience by default. These conformance rules help you use Next.js in an optimal way.","https://nextjs.org/docs/app/building-your-application/configuring/eslint"
"Configuring: MDX","Learn how to configure MDX to write JSX in your markdown files.","https://nextjs.org/docs/app/building-your-application/configuring/mdx"
"Configuring: src Directory","Save pages under the `src` directory as an alternative to the root `pages` directory.","https://nextjs.org/docs/app/building-your-application/configuring/src-directory"
"Configuring: TypeScript","Next.js provides a TypeScript-first development experience for building your React application.","https://nextjs.org/docs/app/building-your-application/configuring/typescript"
"Building Your Application: Data Fetching","Learn how to fetch, cache, revalidate, and mutate of data React and Next.js.","https://nextjs.org/docs/app/building-your-application/data-fetching"
"Data Fetching: Fetching, Caching, and Revalidating","Learn how to fetch, cache, and revalidate data in your Next.js application.","https://nextjs.org/docs/app/building-your-application/data-fetching/fetching-caching-and-revalidating"
"Data Fetching: Patterns","Learn about common data fetching patterns in React and Next.js.","https://nextjs.org/docs/app/building-your-application/data-fetching/patterns"
"Data Fetching: Server Actions","Learn how to mutate data with Server Actions.","https://nextjs.org/docs/app/building-your-application/data-fetching/server-actions"
"Building Your Application: Deploying","Learn how to deploy your Next.js app to production, either managed or self-hosted.","https://nextjs.org/docs/app/building-your-application/deploying"
"Deploying: Static Exports","Next.js enables starting as a static site or Single-Page Application (SPA), then later optionally upgrading to use features that require a server.","https://nextjs.org/docs/app/building-your-application/deploying/static-exports"
"Building Your Application: Optimizing","Optimize your Next.js application for best performance and user experience.","https://nextjs.org/docs/app/building-your-application/optimizing"
"Optimizing: Analytics","Measure and track page performance using Next.js Speed Insights","https://nextjs.org/docs/app/building-your-application/optimizing/analytics"
"Optimizing: Fonts","Optimize your application's web fonts with the built-in `next/font` loaders.","https://nextjs.org/docs/app/building-your-application/optimizing/fonts"
"Optimizing: Images","Optimize your images with the built-in `next/image` component.","https://nextjs.org/docs/app/building-your-application/optimizing/images"
"Optimizing: Instrumentation","Learn how to use instrumentation to run code at server startup in your Next.js app","https://nextjs.org/docs/app/building-your-application/optimizing/instrumentation"
"Optimizing: Lazy Loading","Lazy load imported libraries and React Components to improve your application's loading performance.","https://nextjs.org/docs/app/building-your-application/optimizing/lazy-loading"
"Optimizing: Metadata","Use the Metadata API to define metadata in any layout or page.","https://nextjs.org/docs/app/building-your-application/optimizing/metadata"
"Optimizing: OpenTelemetry","Learn how to instrument your Next.js app with OpenTelemetry.","https://nextjs.org/docs/app/building-your-application/optimizing/open-telemetry"
"Optimizing: Scripts","Optimize 3rd party scripts with the built-in Script component.","https://nextjs.org/docs/app/building-your-application/optimizing/scripts"
"Optimizing: Static Assets","Next.js allows you to serve static files, like images, in the public directory. You can learn how it works here.","https://nextjs.org/docs/app/building-your-application/optimizing/static-assets"
"Building Your Application: Rendering","Learn the differences between Next.js rendering environments, strategies, and runtimes.","https://nextjs.org/docs/app/building-your-application/rendering"
"Rendering: Edge and Node.js Runtimes","Learn about the switchable runtimes (Edge and Node.js) in Next.js.","https://nextjs.org/docs/app/building-your-application/rendering/edge-and-nodejs-runtimes"
"Rendering: Client and Server Components","Learn how Server and Client Components are rendered in Next.js.","https://nextjs.org/docs/app/building-your-application/rendering/server-and-client-components"
"Rendering: Static and Dynamic","Learn about static and dynamic rendering in Next.js.","https://nextjs.org/docs/app/building-your-application/rendering/static-and-dynamic"
"Building Your Application: Routing","Learn the fundamentals of routing for front-end applications.","https://nextjs.org/docs/app/building-your-application/routing"
"Routing: Project Organization","Learn how to organize your Next.js project and colocate files.","https://nextjs.org/docs/app/building-your-application/routing/colocation"
"Routing: Defining Routes","Learn how to create your first route in Next.js.","https://nextjs.org/docs/app/building-your-application/routing/defining-routes"
"Routing: Dynamic Routes","Dynamic Routes can be used to programmatically generate route segments from dynamic data.","https://nextjs.org/docs/app/building-your-application/routing/dynamic-routes"
"Routing: Error Handling","Handle runtime errors by automatically wrapping route segments and their nested children in a React Error Boundary.","https://nextjs.org/docs/app/building-your-application/routing/error-handling"
"Routing: Intercepting Routes","Use intercepting routes to load a new route within the current layout while masking the browser URL, useful for advanced routing patterns such as modals.","https://nextjs.org/docs/app/building-your-application/routing/intercepting-routes"
"Routing: Internationalization","Add support for multiple languages with internationalized routing and localized content.","https://nextjs.org/docs/app/building-your-application/routing/internationalization"
"Routing: Linking and Navigating","Learn how navigation works in Next.js, and how to use the Link Component and `useRouter` hook.","https://nextjs.org/docs/app/building-your-application/routing/linking-and-navigating"
"Routing: Loading UI and Streaming","Built on top of Suspense, Loading UI allows you to create a fallback for specific route segments, and automatically stream content as it becomes ready.","https://nextjs.org/docs/app/building-your-application/routing/loading-ui-and-streaming"
"Routing: Middleware","Learn how to use Middleware to run code before a request is completed.","https://nextjs.org/docs/app/building-your-application/routing/middleware"
"Routing: Pages and Layouts","Create your first page and shared layout with the App Router.","https://nextjs.org/docs/app/building-your-application/routing/pages-and-layouts"
"Routing: Parallel Routes","Simultaneously render one or more pages in the same view that can be navigated independently. A pattern for highly dynamic applications.","https://nextjs.org/docs/app/building-your-application/routing/parallel-routes"
"Routing: Route Groups","Route Groups can be used to partition your Next.js application into different sections.","https://nextjs.org/docs/app/building-your-application/routing/route-groups"
"Routing: Route Handlers","Create custom request handlers for a given route using the Web's Request and Response APIs.","https://nextjs.org/docs/app/building-your-application/routing/route-handlers"
"Building Your Application: Styling","Learn the different ways you can style your Next.js application.","https://nextjs.org/docs/app/building-your-application/styling"
"Styling: CSS-in-JS","Use CSS-in-JS libraries with Next.js","https://nextjs.org/docs/app/building-your-application/styling/css-in-js"
"Styling: CSS Modules","Style your Next.js Application with CSS Modules.","https://nextjs.org/docs/app/building-your-application/styling/css-modules"
"Styling: Sass","Style your Next.js application using Sass.","https://nextjs.org/docs/app/building-your-application/styling/sass"
"Styling: Tailwind CSS","Style your Next.js Application using Tailwind CSS.","https://nextjs.org/docs/app/building-your-application/styling/tailwind-css"
"Building Your Application: Upgrading","Learn how to upgrade to the latest versions of Next.js.","https://nextjs.org/docs/app/building-your-application/upgrading"
"Upgrading: App Router Migration","Learn how to upgrade your existing Next.js application from the Pages Router to the App Router.","https://nextjs.org/docs/app/building-your-application/upgrading/app-router-migration"
"Upgrading: Codemods","Use codemods to upgrade your Next.js codebase when new features are released.","https://nextjs.org/docs/app/building-your-application/upgrading/codemods"
"Architecture","How Next.js Works","https://nextjs.org/docs/architecture"
"Architecture: Accessibility","The built-in accessibility features of Next.js.","https://nextjs.org/docs/architecture/accessibility"
"Architecture: Fast Refresh","Fast Refresh is a hot module reloading experience that gives you instantaneous feedback on edits made to your React components.","https://nextjs.org/docs/architecture/fast-refresh"
"Architecture: Next.js Compiler","Next.js Compiler, written in Rust, which transforms and minifies your Next.js application.","https://nextjs.org/docs/architecture/nextjs-compiler"
"Architecture: Supported Browsers","Browser support and which JavaScript features are supported by Next.js.","https://nextjs.org/docs/architecture/supported-browsers"
"Architecture: Turbopack","Turbopack is an incremental bundler optimized for JavaScript and TypeScript, written in Rust, and built into Next.js.","https://nextjs.org/docs/architecture/turbopack"
"Community","Get involved in the Next.js community.","https://nextjs.org/docs/community"
"Community: Contribution Guide","Learn how to contribute to Next.js Documentation","https://nextjs.org/docs/community/contribution-guide"
"Getting Started: Installation","Create a new Next.js application with `create-next-app`. Set up TypeScript, styles, and configure your `next.config.js` file.","https://nextjs.org/docs/getting-started/installation"
"Getting Started: Project Structure","A list of folders and files conventions in a Next.js project","https://nextjs.org/docs/getting-started/project-structure"
"Getting Started: React Essentials","An overview of essential React features for building Next.js Applications, including Server Components.","https://nextjs.org/docs/getting-started/react-essentials"
"Pages Router","Before Next.js 13, the Pages Router was the main way to create routes in Next.js with an intuitive file-system router.","https://nextjs.org/docs/pages"
"Pages Router: API Reference","Next.js API Reference for the Pages Router.","https://nextjs.org/docs/pages/api-reference"
"API Reference: Components","API Reference for Next.js built-in components in the Pages Router.","https://nextjs.org/docs/pages/api-reference/components"
"Components: Font","API Reference for the Font Module","https://nextjs.org/docs/pages/api-reference/components/font"
"Components: <Head>","Add custom elements to the `head` of your page with the built-in Head component.","https://nextjs.org/docs/pages/api-reference/components/head"
"Components: <Image>","Optimize Images in your Next.js Application using the built-in `next/image` Component.","https://nextjs.org/docs/pages/api-reference/components/image"
"Components: <Image> (Legacy)","Backwards compatible Image Optimization with the Legacy Image component.","https://nextjs.org/docs/pages/api-reference/components/image-legacy"
"Components: <Link>","API reference for the <Link> component.","https://nextjs.org/docs/pages/api-reference/components/link"
"Components: <Script>","Optimize third-party scripts in your Next.js application using the built-in `next/script` Component.","https://nextjs.org/docs/pages/api-reference/components/script"
"API Reference: create-next-app","create-next-app","https://nextjs.org/docs/pages/api-reference/create-next-app"
"API Reference: Edge Runtime","API Reference for the Edge Runtime.","https://nextjs.org/docs/pages/api-reference/edge"
"API Reference: Functions","API Reference for Functions and Hooks in Pages Router.","https://nextjs.org/docs/pages/api-reference/functions"
"Functions: getInitialProps","Fetch dynamic data on the server for your React component with getInitialProps.","https://nextjs.org/docs/pages/api-reference/functions/get-initial-props"
"Functions: getServerSideProps","API reference for `getServerSideProps`. Learn how to fetch data on each request with Next.js.","https://nextjs.org/docs/pages/api-reference/functions/get-server-side-props"
"Functions: getStaticPaths","API reference for `getStaticPaths`. Learn how to fetch data and generate static pages with `getStaticPaths`.","https://nextjs.org/docs/pages/api-reference/functions/get-static-paths"
"Functions: getStaticProps","API reference for `getStaticProps`. Learn how to use `getStaticProps` to generate static pages with Next.js.","https://nextjs.org/docs/pages/api-reference/functions/get-static-props"
"Functions: NextRequest and NextResponse","Learn about the server-only helpers for Middleware and Edge API Routes.","https://nextjs.org/docs/pages/api-reference/functions/next-server"
"Functions: useAmp","Enable AMP in a page, and control the way Next.js adds AMP to the page with the AMP config.","https://nextjs.org/docs/pages/api-reference/functions/use-amp"
"Functions: useReportWebVitals","useReportWebVitals","https://nextjs.org/docs/pages/api-reference/functions/use-report-web-vitals"
"Functions: useRouter","Learn more about the API of the Next.js Router, and access the router instance in your page with the useRouter hook.","https://nextjs.org/docs/pages/api-reference/functions/use-router"
"API Reference: Next.js CLI","Next.js CLI","https://nextjs.org/docs/pages/api-reference/next-cli"
"API Reference: next.config.js Options","Learn about the options available in next.config.js for the Pages Router.","https://nextjs.org/docs/pages/api-reference/next-config-js"
"next.config.js Options: assetPrefix","Learn how to use the assetPrefix config option to configure your CDN.","https://nextjs.org/docs/pages/api-reference/next-config-js/assetPrefix"
"next.config.js Options: basePath","Use `basePath` to deploy a Next.js application under a sub-path of a domain.","https://nextjs.org/docs/pages/api-reference/next-config-js/basePath"
"next.config.js Options: compress","Next.js provides gzip compression to compress rendered content and static files, it only works with the server target. Learn more about it here.","https://nextjs.org/docs/pages/api-reference/next-config-js/compress"
"next.config.js Options: devIndicators","Optimized pages include an indicator to let you know if it's being statically optimized. You can opt-out of it here.","https://nextjs.org/docs/pages/api-reference/next-config-js/devIndicators"
"next.config.js Options: distDir","Set a custom build directory to use instead of the default .next directory.","https://nextjs.org/docs/pages/api-reference/next-config-js/distDir"
"next.config.js Options: env","Learn to add and access environment variables in your Next.js application at build time.","https://nextjs.org/docs/pages/api-reference/next-config-js/env"
"next.config.js Options: eslint","Next.js reports ESLint errors and warnings during builds by default. Learn how to opt-out of this behavior here.","https://nextjs.org/docs/pages/api-reference/next-config-js/eslint"
"next.config.js Options: exportPathMap","Customize the pages that will be exported as HTML files when using `next export`.","https://nextjs.org/docs/pages/api-reference/next-config-js/exportPathMap"
"next.config.js Options: generateBuildId","Configure the build id, which is used to identify the current build in which your application is being served.","https://nextjs.org/docs/pages/api-reference/next-config-js/generateBuildId"
"next.config.js Options: generateEtags","Next.js will generate etags for every page by default. Learn more about how to disable etag generation here.","https://nextjs.org/docs/pages/api-reference/next-config-js/generateEtags"
"next.config.js Options: headers","Add custom HTTP headers to your Next.js app.","https://nextjs.org/docs/pages/api-reference/next-config-js/headers"
"next.config.js Options: httpAgentOptions","Next.js will automatically use HTTP Keep-Alive by default. Learn more about how to disable HTTP Keep-Alive here.","https://nextjs.org/docs/pages/api-reference/next-config-js/httpAgentOptions"
"next.config.js Options: images","Custom configuration for the next/image loader","https://nextjs.org/docs/pages/api-reference/next-config-js/images"
"next.config.js Options: onDemandEntries","Configure how Next.js will dispose and keep in memory pages created in development.","https://nextjs.org/docs/pages/api-reference/next-config-js/onDemandEntries"
"next.config.js Options: output","Next.js automatically traces which files are needed by each page to allow for easy deployment of your application. Learn how it works here.","https://nextjs.org/docs/pages/api-reference/next-config-js/output"
"next.config.js Options: pageExtensions","Extend the default page extensions used by Next.js when resolving pages in the Pages Router.","https://nextjs.org/docs/pages/api-reference/next-config-js/pageExtensions"
"next.config.js Options: poweredByHeader","Next.js will add the `x-powered-by` header by default. Learn to opt-out of it here.","https://nextjs.org/docs/pages/api-reference/next-config-js/poweredByHeader"
"next.config.js Options: productionBrowserSourceMaps","Enables browser source map generation during the production build.","https://nextjs.org/docs/pages/api-reference/next-config-js/productionBrowserSourceMaps"
"next.config.js Options: reactStrictMode","The complete Next.js runtime is now Strict Mode-compliant, learn how to opt-in","https://nextjs.org/docs/pages/api-reference/next-config-js/reactStrictMode"
"next.config.js Options: redirects","Add redirects to your Next.js app.","https://nextjs.org/docs/pages/api-reference/next-config-js/redirects"
"next.config.js Options: rewrites","Add rewrites to your Next.js app.","https://nextjs.org/docs/pages/api-reference/next-config-js/rewrites"
"next.config.js Options: Runtime Config","Add client and server runtime configuration to your Next.js app.","https://nextjs.org/docs/pages/api-reference/next-config-js/runtime-configuration"
"next.config.js Options: trailingSlash","Configure Next.js pages to resolve with or without a trailing slash.","https://nextjs.org/docs/pages/api-reference/next-config-js/trailingSlash"
"next.config.js Options: transpilePackages","Automatically transpile and bundle dependencies from local packages (like monorepos) or from external dependencies (`node_modules`).","https://nextjs.org/docs/pages/api-reference/next-config-js/transpilePackages"
"next.config.js Options: turbo","Configure Next.js with Turbopack-specific options","https://nextjs.org/docs/pages/api-reference/next-config-js/turbo"
"next.config.js Options: typescript","Next.js reports TypeScript errors by default. Learn to opt-out of this behavior here.","https://nextjs.org/docs/pages/api-reference/next-config-js/typescript"
"next.config.js Options: urlImports","Configure Next.js to allow importing modules from external URLs (experimental).","https://nextjs.org/docs/pages/api-reference/next-config-js/urlImports"
"next.config.js Options: webVitalsAttribution","Learn how to use the webVitalsAttribution option to pinpoint the source of Web Vitals issues.","https://nextjs.org/docs/pages/api-reference/next-config-js/webVitalsAttribution"
"next.config.js Options: webpack","Learn how to customize the webpack config used by Next.js","https://nextjs.org/docs/pages/api-reference/next-config-js/webpack"
"Pages Router: Building Your Application","Learn how to use Next.js features to build your application.","https://nextjs.org/docs/pages/building-your-application"
"Building Your Application: Configuring","Learn how to configure your Next.js application.","https://nextjs.org/docs/pages/building-your-application/configuring"
"Configuring: Absolute Imports and Module Path Aliases","Configure module path aliases that allow you to remap certain import paths.","https://nextjs.org/docs/pages/building-your-application/configuring/absolute-imports-and-module-aliases"
"Configuring: AMP","With minimal config, and without leaving React, you can start adding AMP and improve the performance and speed of your pages.","https://nextjs.org/docs/pages/building-your-application/configuring/amp"
"Configuring: Babel","Extend the babel preset added by Next.js with your own configs.","https://nextjs.org/docs/pages/building-your-application/configuring/babel"
"Configuring: Custom Server","Start a Next.js app programmatically using a custom server.","https://nextjs.org/docs/pages/building-your-application/configuring/custom-server"
"Configuring: Debugging","Learn how to debug your Next.js application with VS Code or Chrome DevTools.","https://nextjs.org/docs/pages/building-your-application/configuring/debugging"
"Configuring: Draft Mode","Next.js has draft mode to toggle between static and dynamic pages. You can learn how it works with Pages Router.","https://nextjs.org/docs/pages/building-your-application/configuring/draft-mode"
"Configuring: Environment Variables","Learn to add and access environment variables in your Next.js application.","https://nextjs.org/docs/pages/building-your-application/configuring/environment-variables"
"Configuring: Error Handling","Handle errors in your Next.js app.","https://nextjs.org/docs/pages/building-your-application/configuring/error-handling"
"Configuring: ESLint","Next.js reports ESLint errors and warnings during builds by default. Learn how to opt-out of this behavior here.","https://nextjs.org/docs/pages/building-your-application/configuring/eslint"
"Configuring: MDX","Learn how to configure MDX to write JSX in your markdown files.","https://nextjs.org/docs/pages/building-your-application/configuring/mdx"
"Configuring: PostCSS","Extend the PostCSS config and plugins added by Next.js with your own.","https://nextjs.org/docs/pages/building-your-application/configuring/post-css"
"Configuring: Preview Mode","Next.js has the preview mode for statically generated pages. You can learn how it works here.","https://nextjs.org/docs/pages/building-your-application/configuring/preview-mode"
"Configuring: src Directory","Save pages under the `src` directory as an alternative to the root `pages` directory.","https://nextjs.org/docs/pages/building-your-application/configuring/src-directory"
"Configuring: TypeScript","Next.js provides a TypeScript-first development experience for building your React application.","https://nextjs.org/docs/pages/building-your-application/configuring/typescript"
"Building Your Application: Data Fetching","Next.js allows you to fetch data in multiple ways, with pre-rendering, server-side rendering or static-site generation, and incremental static regeneration. Learn how to manage your application data in Next.js.","https://nextjs.org/docs/pages/building-your-application/data-fetching"
"Data Fetching: Building Forms","Learn how to create forms with Next.js, from the form HTML element to advanced concepts with React.","https://nextjs.org/docs/pages/building-your-application/data-fetching/building-forms"
"Data Fetching: Client-side Fetching","Learn about client-side data fetching, and how to use SWR, a data fetching React hook library that handles caching, revalidation, focus tracking, refetching on interval and more.","https://nextjs.org/docs/pages/building-your-application/data-fetching/client-side"
"Data Fetching: getServerSideProps","Fetch data on each request with `getServerSideProps`.","https://nextjs.org/docs/pages/building-your-application/data-fetching/get-server-side-props"
"Data Fetching: getStaticPaths","Fetch data and generate static pages with `getStaticProps`. Learn more about this API for data fetching in Next.js.","https://nextjs.org/docs/pages/building-your-application/data-fetching/get-static-paths"
"Data Fetching: getStaticProps","Fetch data and generate static pages with `getStaticProps`. Learn more about this API for data fetching in Next.js.","https://nextjs.org/docs/pages/building-your-application/data-fetching/get-static-props"
"Data Fetching: Incremental Static Regeneration","Learn how to create or update static pages at runtime with Incremental Static Regeneration.","https://nextjs.org/docs/pages/building-your-application/data-fetching/incremental-static-regeneration"
"Building Your Application: Deploying","Learn how to deploy your Next.js app to production, either managed or self-hosted.","https://nextjs.org/docs/pages/building-your-application/deploying"
"Deploying: Continuous Integration (CI) Build Caching","Learn how to configure CI to cache Next.js builds","https://nextjs.org/docs/pages/building-your-application/deploying/ci-build-caching"
"Deploying: Multi Zones","Learn how to use multi zones to deploy multiple Next.js apps as a single app.","https://nextjs.org/docs/pages/building-your-application/deploying/multi-zones"
"Deploying: Going to Production","Before taking your Next.js application to production, here are some recommendations to ensure the best user experience.","https://nextjs.org/docs/pages/building-your-application/deploying/production-checklist"
"Deploying: Static Exports","Next.js enables starting as a static site or Single-Page Application (SPA), then later optionally upgrading to use features that require a server.","https://nextjs.org/docs/pages/building-your-application/deploying/static-exports"
"Building Your Application: Optimizing","Optimize your Next.js application for best performance and user experience.","https://nextjs.org/docs/pages/building-your-application/optimizing"
"Optimizing: Analytics","Measure and track page performance using Next.js Speed Insights","https://nextjs.org/docs/pages/building-your-application/optimizing/analytics"
"Optimizing: Fonts","Optimize your application's web fonts with the built-in `next/font` loaders.","https://nextjs.org/docs/pages/building-your-application/optimizing/fonts"
"Optimizing: Images","Optimize your images with the built-in `next/image` component.","https://nextjs.org/docs/pages/building-your-application/optimizing/images"
"Optimizing: Instrumentation","Learn how to use instrumentation to run code at server startup in your Next.js app","https://nextjs.org/docs/pages/building-your-application/optimizing/instrumentation"
"Optimizing: Lazy Loading","Lazy load imported libraries and React Components to improve your application's loading performance.","https://nextjs.org/docs/pages/building-your-application/optimizing/lazy-loading"
"Optimizing: OpenTelemetry","Learn how to instrument your Next.js app with OpenTelemetry.","https://nextjs.org/docs/pages/building-your-application/optimizing/open-telemetry"
"Optimizing: Scripts","Optimize 3rd party scripts with the built-in Script component.","https://nextjs.org/docs/pages/building-your-application/optimizing/scripts"
"Optimizing: Static Assets","Next.js allows you to serve static files, like images, in the public directory. You can learn how it works here.","https://nextjs.org/docs/pages/building-your-application/optimizing/static-assets"
"Optimizing: Testing","Learn how to set up Next.js with three commonly used testing tools â€” Cypress, Playwright, Jest, and React Testing Library.","https://nextjs.org/docs/pages/building-your-application/optimizing/testing"
"Building Your Application: Rendering","Learn the fundamentals of rendering in React and Next.js.","https://nextjs.org/docs/pages/building-your-application/rendering"
"Rendering: Automatic Static Optimization","Next.js automatically optimizes your app to be static HTML whenever possible. Learn how it works here.","https://nextjs.org/docs/pages/building-your-application/rendering/automatic-static-optimization"
"Rendering: Client-side Rendering (CSR)","Learn how to implement client-side rendering in the Pages Router.","https://nextjs.org/docs/pages/building-your-application/rendering/client-side-rendering"
"Rendering: Edge and Node.js Runtimes","Learn more about the switchable runtimes (Edge and Node.js) in Next.js.","https://nextjs.org/docs/pages/building-your-application/rendering/edge-and-nodejs-runtimes"
"Rendering: Incremental Static Regeneration (ISR)","Learn how to create or update static pages at runtime with Incremental Static Regeneration.","https://nextjs.org/docs/pages/building-your-application/rendering/incremental-static-regeneration"
"Rendering: Server-side Rendering (SSR)","Use Server-side Rendering to render pages on each request.","https://nextjs.org/docs/pages/building-your-application/rendering/server-side-rendering"
"Rendering: Static Site Generation (SSG)","Use Static Site Generation (SSG) to pre-render pages at build time.","https://nextjs.org/docs/pages/building-your-application/rendering/static-site-generation"
"Building Your Application: Routing","Learn the fundamentals of routing for front-end applications with the Pages Router.","https://nextjs.org/docs/pages/building-your-application/routing"
"Routing: API Routes","Next.js supports API Routes, which allow you to build your API without leaving your Next.js app. Learn how it works here.","https://nextjs.org/docs/pages/building-your-application/routing/api-routes"
"Routing: Authenticating","Learn about authentication patterns in Next.js apps and explore a few examples.","https://nextjs.org/docs/pages/building-your-application/routing/authenticating"
"Routing: Custom App","Control page initialization and add a layout that persists for all pages by overriding the default App component used by Next.js.","https://nextjs.org/docs/pages/building-your-application/routing/custom-app"
"Routing: Custom Document","Extend the default document markup added by Next.js.","https://nextjs.org/docs/pages/building-your-application/routing/custom-document"
"Routing: Custom Errors","Override and extend the built-in Error page to handle custom errors.","https://nextjs.org/docs/pages/building-your-application/routing/custom-error"
"Routing: Dynamic Routes","Dynamic Routes are pages that allow you to add custom params to your URLs. Start creating Dynamic Routes and learn more here.","https://nextjs.org/docs/pages/building-your-application/routing/dynamic-routes"
"Routing: Internationalization","Next.js has built-in support for internationalized routing and language detection. Learn more here.","https://nextjs.org/docs/pages/building-your-application/routing/internationalization"
"Routing: Linking and Navigating","Learn how navigation works in Next.js, and how to use the Link Component and `useRouter` hook.","https://nextjs.org/docs/pages/building-your-application/routing/linking-and-navigating"
"Routing: Middleware","Learn how to use Middleware to run code before a request is completed.","https://nextjs.org/docs/pages/building-your-application/routing/middleware"
"Routing: Pages and Layouts","Create your first page and shared layout with the Pages Router.","https://nextjs.org/docs/pages/building-your-application/routing/pages-and-layouts"
"Building Your Application: Styling","Learn the different ways you can style your Next.js application.","https://nextjs.org/docs/pages/building-your-application/styling"
"Styling: CSS-in-JS","Use CSS-in-JS libraries with Next.js","https://nextjs.org/docs/pages/building-your-application/styling/css-in-js"
"Styling: CSS Modules","Style your Next.js Application using CSS Modules.","https://nextjs.org/docs/pages/building-your-application/styling/css-modules"
"Styling: Sass","Learn how to use Sass in your Next.js application.","https://nextjs.org/docs/pages/building-your-application/styling/sass"
"Styling: Tailwind CSS","Style your Next.js Application using Tailwind CSS.","https://nextjs.org/docs/pages/building-your-application/styling/tailwind-css"
"Building Your Application: Upgrading","Learn how to upgrade to the latest versions of Next.js.","https://nextjs.org/docs/pages/building-your-application/upgrading"
"Upgrading: From Pages to App","Learn how to upgrade your existing Next.js application from the Pages Router to the App Router.","https://nextjs.org/docs/pages/building-your-application/upgrading/app-router-migration"
"Upgrading: Codemods","Use codemods to upgrade your Next.js codebase when new features are released.","https://nextjs.org/docs/pages/building-your-application/upgrading/codemods"
"Upgrading: Version 10","Upgrade your Next.js Application from Version 9 to Version 10.","https://nextjs.org/docs/pages/building-your-application/upgrading/version-10"
"Upgrading: Version 11","Upgrade your Next.js Application from Version 10 to Version 11.","https://nextjs.org/docs/pages/building-your-application/upgrading/version-11"
"Upgrading: Version 12","Upgrade your Next.js Application from Version 11 to Version 12.","https://nextjs.org/docs/pages/building-your-application/upgrading/version-12"
"Upgrading: Version 13","Upgrade your Next.js Application from Version 12 to 13.","https://nextjs.org/docs/pages/building-your-application/upgrading/version-13"
"Upgrading: Version 9","Upgrade your Next.js Application from Version 8 to Version 9.","https://nextjs.org/docs/pages/building-your-application/upgrading/version-9"
